<metadata xml:lang="en"><Esri><CreaDate>20100527</CreaDate><CreaTime>18390500</CreaTime><SyncOnce>FALSE</SyncOnce><ModDate>20131030</ModDate><ModTime>09262800</ModTime><SyncDate>20131030</SyncDate><SyncTime>09262800</SyncTime><DataProperties><lineage><Process Name="Feature Class to Feature Class (9)" ToolSource="C:\Program Files\ArcGIS\ArcToolbox\Toolboxes\Conversion Tools.tbx\FeatureClassToFeatureClass" Date="20100325" Time="110602" export="">FeatureClassToFeatureClass O:\Enviro.bn\bn03909f.shp "Database Connections\opz on opzdata.sde\opzdata.OPZ.Environmental" bn03909f # "AREA 'AREA' true true false 18 Double 5 17 ,First,#,O:\Enviro.bn\bn03909f.shp,AREA,-1,-1;PERIMETER 'PERIMETER' true true false 18 Double 5 17 ,First,#,O:\Enviro.bn\bn03909f.shp,PERIMETER,-1,-1;BUFFER_ 'BUFFER_' true true false 11 Double 0 11 ,First,#,O:\Enviro.bn\bn03909f.shp,BUFFER_,-1,-1;EXEMPT 'EXEMPT' true true false 1 Text 0 0 ,First,#,O:\Enviro.bn\bn03909f.shp,EXEMPT,-1,-1;Amend 'Amend' true true false 10 Text 0 0 ,First,#,O:\Enviro.bn\bn03909f.shp,Amend,-1,-1" # "Database Connections\opz on opzdata.sde\opzdata.OPZ.Environmental\opzdata.OPZ.bn03909f"</Process><Process ToolSource="C:\Program Files\ArcGIS\ArcToolbox\Toolboxes\Data Management Tools.tbx\CopyFeatures" Date="20100527" Time="184833" Name="" export="">CopyFeatures D:\data\ca\CriticalAreasBufferExAreas.shp "Database Connections\opz.sde\SDE.OPZ.WRK_CRITICALAREAS\SDE.OPZ.CriticalAreasBufferExAreas" # 0 0 0</Process><Process ToolSource="C:\Program Files\ArcGIS\ArcToolbox\Toolboxes\Conversion Tools.tbx\FeatureClassToFeatureClass" Date="20100809" Time="093708" Name="" export="">FeatureClassToFeatureClass "Database Connections\Connection to sde. pzgis2.sde\SDE.OPZ.WRK_CRITICALAREAS\SDE.OPZ.CriticalAreasBufferExAreas" "Database Connections\Connection to opzdata. pzgis2.sde\opzdata.OPZ.Environmental" bn03909fcopy # "BUFFER_ 'BUFFER_' true true false 8 Double 0 11 ,First,#,Database Connections\Connection to sde. pzgis2.sde\SDE.OPZ.WRK_CRITICALAREAS\SDE.OPZ.CriticalAreasBufferExAreas,BUFFER_,-1,-1;EXEMPT 'EXEMPT' true true false 1 Text 0 0 ,First,#,Database Connections\Connection to sde. pzgis2.sde\SDE.OPZ.WRK_CRITICALAREAS\SDE.OPZ.CriticalAreasBufferExAreas,EXEMPT,-1,-1;Amend 'Amend' true true false 10 Text 0 0 ,First,#,Database Connections\Connection to sde. pzgis2.sde\SDE.OPZ.WRK_CRITICALAREAS\SDE.OPZ.CriticalAreasBufferExAreas,Amend,-1,-1;Shape_area 'Shape_area' false false true 0 Double 0 0 ,First,#,Database Connections\Connection to sde. pzgis2.sde\SDE.OPZ.WRK_CRITICALAREAS\SDE.OPZ.CriticalAreasBufferExAreas,Shape.area,-1,-1;Shape_len 'Shape_len' false false true 0 Double 0 0 ,First,#,Database Connections\Connection to sde. pzgis2.sde\SDE.OPZ.WRK_CRITICALAREAS\SDE.OPZ.CriticalAreasBufferExAreas,Shape.len,-1,-1" # "Database Connections\Connection to opzdata. pzgis2.sde\opzdata.OPZ.Environmental\opzdata.OPZ.bn03909fcopy"</Process><Process ToolSource="C:\Program Files\ArcGIS\Desktop10.0\ArcToolbox\Toolboxes\Data Management Tools.tbx\CopyFeatures" Date="20110330" Time="151947" Name="" export="">CopyFeatures "Database Connections\opz@sde.sde\opzdata.OPZ.Environmental\opzdata.OPZ.bn03909f" Y:\OPZ\OPZ_Data\bn03909f.shp # 0 0 0</Process><Process ToolSource="c:\program files (x86)\arcgis\desktop10.1\ArcToolbox\Toolboxes\Conversion Tools.tbx\FeatureClassToFeatureClass" Date="20131028" Time="144555" Name="" export="">FeatureClassToFeatureClass Y:\OPZ\OPZ_Data\bn03909f.shp C:\Data_Edits\DataEdits.gdb\bufferareas bn03909f # "BUFFER_ "BUFFER_" true true false 11 Double 0 11 ,First,#,Y:\OPZ\OPZ_Data\bn03909f.shp,BUFFER_,-1,-1;EXEMPT "EXEMPT" true true false 1 Text 0 0 ,First,#,Y:\OPZ\OPZ_Data\bn03909f.shp,EXEMPT,-1,-1;Amend "Amend" true true false 10 Text 0 0 ,First,#,Y:\OPZ\OPZ_Data\bn03909f.shp,Amend,-1,-1;Shape_area "Shape_area" true true false 19 Double 0 0 ,First,#,Y:\OPZ\OPZ_Data\bn03909f.shp,Shape_area,-1,-1;Shape_len "Shape_len" true true false 19 Double 0 0 ,First,#,Y:\OPZ\OPZ_Data\bn03909f.shp,Shape_len,-1,-1" #</Process><Process ToolSource="c:\program files (x86)\arcgis\desktop10.1\ArcToolbox\Toolboxes\Data Management Tools.tbx\CalculateField" Date="20131028" Time="152251" Name="" export="">CalculateField bn03909f Modified "yes" VB #</Process><Process ToolSource="c:\program files (x86)\arcgis\desktop10.1\ArcToolbox\Toolboxes\Data Management Tools.tbx\CalculateField" Date="20131028" Time="152345" Name="" export="">CalculateField bn03909f Modified "no" VB #</Process><Process ToolSource="c:\program files (x86)\arcgis\desktop10.1\ArcToolbox\Toolboxes\Data Management Tools.tbx\CalculateField" Date="20131030" Time="092229">CalculateField bn03909f Status "Buffer" VB #</Process><Process ToolSource="c:\program files (x86)\arcgis\desktop10.1\ArcToolbox\Toolboxes\Data Management Tools.tbx\CalculateField" Date="20131030" Time="092314">CalculateField bn03909f Status "Modified Buffer" VB #</Process><Process ToolSource="c:\program files (x86)\arcgis\desktop10.1\ArcToolbox\Toolboxes\Conversion Tools.tbx\FeatureClassToFeatureClass" Date="20131030" Time="092629">FeatureClassToFeatureClass C:\Data_Edits\DataEdits.gdb\bufferareas\bn03909f Y:\OPZ\OPZ_Data bn03909f.shp # "Amend "Amend" true true false 10 Text 0 0 ,First,#,C:\Data_Edits\DataEdits.gdb\bufferareas\bn03909f,Amend,-1,-1;Shape_Leng "Shape_Length" false true true 8 Double 0 0 ,First,#,C:\Data_Edits\DataEdits.gdb\bufferareas\bn03909f,Shape_Length,-1,-1;Shape_Area "Shape_Area" false true true 8 Double 0 0 ,First,#,C:\Data_Edits\DataEdits.gdb\bufferareas\bn03909f,Shape_Area,-1,-1;Status "Status" true true false 25 Text 0 0 ,First,#,C:\Data_Edits\DataEdits.gdb\bufferareas\bn03909f,Status,-1,-1" #</Process></lineage><itemProps><itemName Sync="TRUE">bn03909f</itemName><imsContentType Sync="TRUE">002</imsContentType><itemSize Sync="TRUE">0.000</itemSize><itemLocation><linkage Sync="TRUE">file://\\Gis-cloud2\DeptShare\OPZ\OPZ_Data\bn03909f.shp</linkage><protocol Sync="TRUE">Local Area Network</protocol></itemLocation></itemProps><coordRef><type Sync="TRUE">Projected</type><geogcsn Sync="TRUE">GCS_North_American_1983</geogcsn><projcsn Sync="TRUE">NAD_1983_StatePlane_Maryland_FIPS_1900_Feet</projcsn><peXml Sync="TRUE">&lt;ProjectedCoordinateSystem xsi:type='typens:ProjectedCoordinateSystem' xmlns:xsi='http://www.w3.org/2001/XMLSchema-instance' xmlns:xs='http://www.w3.org/2001/XMLSchema' xmlns:typens='http://www.esri.com/schemas/ArcGIS/10.1'&gt;&lt;WKT&gt;PROJCS[&amp;quot;NAD_1983_StatePlane_Maryland_FIPS_1900_Feet&amp;quot;,GEOGCS[&amp;quot;GCS_North_American_1983&amp;quot;,DATUM[&amp;quot;D_North_American_1983&amp;quot;,SPHEROID[&amp;quot;GRS_1980&amp;quot;,6378137.0,298.257222101]],PRIMEM[&amp;quot;Greenwich&amp;quot;,0.0],UNIT[&amp;quot;Degree&amp;quot;,0.0174532925199433]],PROJECTION[&amp;quot;Lambert_Conformal_Conic&amp;quot;],PARAMETER[&amp;quot;False_Easting&amp;quot;,1312333.333333333],PARAMETER[&amp;quot;False_Northing&amp;quot;,0.0],PARAMETER[&amp;quot;Central_Meridian&amp;quot;,-77.0],PARAMETER[&amp;quot;Standard_Parallel_1&amp;quot;,38.3],PARAMETER[&amp;quot;Standard_Parallel_2&amp;quot;,39.45],PARAMETER[&amp;quot;Latitude_Of_Origin&amp;quot;,37.66666666666666],UNIT[&amp;quot;Foot_US&amp;quot;,0.3048006096012192],AUTHORITY[&amp;quot;EPSG&amp;quot;,2248]]&lt;/WKT&gt;&lt;XOrigin&gt;-120561100&lt;/XOrigin&gt;&lt;YOrigin&gt;-95444400&lt;/YOrigin&gt;&lt;XYScale&gt;36953082.294548117&lt;/XYScale&gt;&lt;ZOrigin&gt;-100000&lt;/ZOrigin&gt;&lt;ZScale&gt;10000&lt;/ZScale&gt;&lt;MOrigin&gt;-100000&lt;/MOrigin&gt;&lt;MScale&gt;10000&lt;/MScale&gt;&lt;XYTolerance&gt;0.0032808333333333331&lt;/XYTolerance&gt;&lt;ZTolerance&gt;0.001&lt;/ZTolerance&gt;&lt;MTolerance&gt;0.001&lt;/MTolerance&gt;&lt;HighPrecision&gt;true&lt;/HighPrecision&gt;&lt;WKID&gt;102685&lt;/WKID&gt;&lt;LatestWKID&gt;2248&lt;/LatestWKID&gt;&lt;/ProjectedCoordinateSystem&gt;</peXml><csUnits Sync="TRUE">Linear Unit: Foot_US (0.304801)</csUnits></coordRef></DataProperties><MetaID>{C2EA6307-0767-4EF8-8A20-49C357DA0AE1}</MetaID><scaleRange><minScale>150000000</minScale><maxScale>5000</maxScale></scaleRange><ArcGISProfile>FGDC</ArcGISProfile></Esri><idinfo><ptcontac><cntinfo><cntperp><cntper>Mary L. Searing</cntper><cntorg>Anne Arundel County, Office of Environmental and Cultural Resources</cntorg></cntperp><cntpos>Watershed Program Manager</cntpos><cntaddr><addrtype>mailing and physical address</addrtype><address>2664 Riva Road 4th Floor (MS 6402)</address><city>Annapolis</city><state>Maryland</state><postal>21401</postal><country>USA</country></cntaddr><cntvoice>410-222-7441</cntvoice><cntemail>msearing@aacounty.org</cntemail><hours>Monday through Friday 7:30 AM - 4:00 PM</hours></cntinfo></ptcontac><native Sync="TRUE">Microsoft Windows XP Version 5.1 (Build 2600) Service Pack 3; ESRI ArcCatalog 9.3.1.4000</native><descript><langdata Sync="TRUE">en</langdata><abstract>Buffer Modification Areas for Anne Arundel County.</abstract><purpose>This layer serves to delineate Buffer Modification areas for Anne Arundel County.  The Buffer Modification refers to shoreline buffer laws.  Modified buffers are buffers from the shoreline and/or tidal wetlands which do not have restricted development regulations.</purpose><supplinf>Update 8/6/2010 - BEA10-001 </supplinf></descript><citation><citeinfo><origin>Anne Arundel County, Office of Environmental and Cultural Resources</origin><pubdate>2004/10/15</pubdate><ftname Sync="TRUE">opzdata.OPZ.bn03909f</ftname><geoform Sync="TRUE">vector digital data</geoform><origin>Anne Arundel County, Office of Planning and Zoning, Research and Geographic Information Services (comp.)</origin><onlink Sync="TRUE">Server=pzgis2; Service=5151; Database=opzdata; User=opz; Version=sde.DEFAULT</onlink><title Sync="TRUE">bn03909f</title></citeinfo></citation><timeperd><current>publication date</current><timeinfo><sngdate><caldate>unknown</caldate></sngdate></timeinfo></timeperd><status><progress>Complete</progress><update>As needed</update></status><spdom><bounding><westbc Sync="TRUE">-76.713612</westbc><eastbc Sync="TRUE">-76.392955</eastbc><northbc Sync="TRUE">39.237401</northbc><southbc Sync="TRUE">38.711920</southbc></bounding><lboundng><leftbc Sync="TRUE">1394050.401900</leftbc><rightbc Sync="TRUE">1484278.141000</rightbc><bottombc Sync="TRUE">381233.373300</bottombc><topbc Sync="TRUE">572177.931000</topbc></lboundng></spdom><keywords><place><placekt>ISO Thesaurus</placekt><placekey>Anne Arundel County</placekey><placekey>Maryland</placekey><placekey>MD</placekey></place><theme><themekey>Priority Level 2 - Essential</themekey><themekey>Buffer Exemption</themekey><themekt>Anne Arundel County Geographic Data Use &amp; Distribution Administrative Procedure</themekt><themekey>Critical Area</themekey><themekey>Sensitive Areas</themekey></theme></keywords><natvform Sync="TRUE">SDE Feature Class</natvform><secinfo><secsys>Anne Arundel County Geographic Data Use and Distribution Policy.</secsys><secclass>Level 4 - Public Use</secclass><sechandl>Level 4 - Public Use. Data may be distributed on the Internet and Intranet.</sechandl></secinfo><accconst>Level 4 - Public Use - Data may be distributed on the Internet and Intranet.</accconst><useconst>Level 4 - Public Use - Data may be distributed on the Internet and Intranet.</useconst></idinfo><metainfo><metd Sync="TRUE">20100928</metd><langmeta Sync="TRUE">en</langmeta><metstdn Sync="TRUE">FGDC Content Standards for Digital Geospatial Metadata</metstdn><metstdv Sync="TRUE">FGDC-STD-001-1998</metstdv><mettc Sync="TRUE">local time</mettc><metc><cntinfo><cntaddr><addrtype>mailing and physical address</addrtype><city>Annapolis</city><state>Maryland</state><postal>21401</postal><address>2664 Riva Road 4th Floor (MS 6402)</address><country>USA</country></cntaddr><cntvoice>410-222-7441</cntvoice><cntpos>Engineer III</cntpos><cntemail>rfisher@aacounty.org</cntemail><hours>Monday through Friday 7:30 AM - 4:00 PM</hours><cntorgp><cntorg>Anne Arundel County, Office of Environmental and Cultural Resources</cntorg><cntper>Rick Fisher</cntper></cntorgp></cntinfo></metc></metainfo><mdDateSt Sync="TRUE">20131030</mdDateSt><dataIdInfo><envirDesc Sync="TRUE">Microsoft Windows 7 Version 6.1 (Build 7601) Service Pack 1; Esri ArcGIS 10.1.1.3143</envirDesc><dataLang><languageCode Sync="TRUE" value="eng" country="US"/><countryCode value="USA" Sync="TRUE"/></dataLang><idCitation><resTitle Sync="TRUE">bn03909f</resTitle><presForm><PresFormCd Sync="TRUE" value="005"/></presForm></idCitation><spatRpType><SpatRepTypCd Sync="TRUE" value="001"/></spatRpType><dataExt><geoEle><GeoBndBox esriExtentType="native"><westBL Sync="TRUE">1394050.4019</westBL><eastBL Sync="TRUE">1484278.141</eastBL><northBL Sync="TRUE">572177.931</northBL><southBL Sync="TRUE">381233.3733</southBL><exTypeCode Sync="TRUE">1</exTypeCode></GeoBndBox></geoEle></dataExt><geoBox esriExtentType="decdegrees"><westBL Sync="TRUE">-76.713612</westBL><eastBL Sync="TRUE">-76.392955</eastBL><northBL Sync="TRUE">39.237401</northBL><southBL Sync="TRUE">38.71192</southBL><exTypeCode Sync="TRUE">1</exTypeCode></geoBox><descKeys><thesaName uuidref="723f6998-058e-11dc-8314-0800200c9a66"/><keyword Sync="TRUE">002</keyword></descKeys><idPurp>This layer serves to delineate Buffer Modification areas for Anne Arundel County.  The Buffer Modification refers to shoreline buffer laws.  Modified buffers are buffers from the shoreline and/or tidal wetlands which do not have restricted development regulations.</idPurp><idAbs>&lt;DIV STYLE="text-align:Left;"&gt;&lt;DIV&gt;&lt;P&gt;&lt;SPAN&gt;Buffer Modification Areas for Anne Arundel County.&lt;/SPAN&gt;&lt;/P&gt;&lt;/DIV&gt;&lt;/DIV&gt;</idAbs><searchKeys><keyword>Priority Level 2 - Essential</keyword><keyword>Buffer Modification</keyword><keyword>Critical Area</keyword><keyword>Sensitive Areas</keyword></searchKeys><resConst><Consts><useLimit>&lt;DIV STYLE="text-align:Left;"&gt;&lt;DIV&gt;&lt;P&gt;&lt;SPAN&gt;Level 4 - Public Use - Data may be distributed on the Internet and Intranet.&lt;/SPAN&gt;&lt;/P&gt;&lt;/DIV&gt;&lt;/DIV&gt;</useLimit></Consts></resConst></dataIdInfo><mdLang><languageCode Sync="TRUE" value="eng"/><countryCode value="USA" Sync="TRUE"/></mdLang><mdStanName Sync="TRUE">ISO 19115 Geographic Information - Metadata</mdStanName><mdStanVer Sync="TRUE">DIS_ESRI1.0</mdStanVer><mdChar><CharSetCd Sync="TRUE" value="004"/></mdChar><mdHrLv><ScopeCd Sync="TRUE" value="005"/></mdHrLv><mdHrLvName Sync="TRUE">dataset</mdHrLvName><distinfo><stdorder><digform><digtinfo><transize Sync="TRUE">2.174</transize><dssize Sync="TRUE">2.174</dssize><formname>ESRI Shapefile</formname></digtinfo><digtopt><offoptn><offmedia>CD-ROM</offmedia></offoptn></digtopt></digform><fees>Currently Not For Sale</fees><ordering>For current information regarding the sale of this layer please check with Anne Arundel County Office of Environmental and Cultural Resources data distribution policy.</ordering></stdorder><distrib><cntinfo><cntperp><cntper>Mary L. Searing</cntper><cntorg>Anne Arundel County, Office of Environmental and Cultural Resources</cntorg></cntperp><cntpos>Watershed Program Manager</cntpos><cntaddr><addrtype>mailing and physical address</addrtype><address>2664 Riva Road 4th Floor (MS 6402)</address><city>Annapolis</city><state>Maryland</state><postal>21401</postal><country>USA</country></cntaddr><cntvoice>410-222-7441</cntvoice><cntfax>410-222-7255</cntfax><cntemail>msearing@aacounty.org</cntemail><hours>Monday through Friday 7:30 AM - 4:00 PM</hours></cntinfo></distrib><resdesc>Map Files, Applications</resdesc><distliab>By acceptance of the GIS material, you agree as follows:

The GIS material (the "material") is made available by Anne Arundel County, Maryland (the "County") as a public service.  The material is for reference purposes only, and the County makes no representatives, warranties, or guarantees of the accuracy of the material.  THE COUNTY MAKES NO AND DISCLAIMS ALL EXPRESS AND IMPLIED WARRANTIES RELATING TO THE MATERIAL, INCLUDING WARRANTIES OF MERCHANTABILITY, INTEGRATION, TITLE, AND FITNESS FOR A PARTICULAR PURPOSE.  You release the County, its agents, servants, and employees, from any and all liability related to the material or any of it, including its accuracy, availability, use, and misuse.  In no event shall the County be liable for any direct, indirect, incidental, consequential, or other damages, including savings, profits, fees, costs, loss of data, or business interruption, related in any way to the material or any of it, including its accuracy, availability, use, and misuse.  

The material is in the public domain and may be copied without permission.  Citation to the source is requested.  

Any errors or omissions in the material should be reported to the Anne Arundel County Office of Environmental and Cultural Resources Group.</distliab><techpreq>Technical prerequisites for using this data digitally include possessing general knowledge of GIS and mapping, and having access to GIS viewer software, such ESRI's ArcGIS 8.x/9.x, ArcView 3.x, or ArcExplorer (free downloadable map viewer from www.esri.com ).</techpreq><custom>For current information regarding the sale of this layer please check with Anne Arundel County Office of Environmental and Cultural Resources data distribution policy.</custom></distinfo><distInfo><distributor><distorTran><onLineSrc><orDesc Sync="TRUE">002</orDesc><linkage Sync="TRUE">Server=pzgis2; Service=5151; Database=opzdata; User=opz; Version=sde.DEFAULT</linkage><protocol Sync="TRUE">ArcSDE Connection</protocol></onLineSrc><transSize Sync="TRUE">2.174</transSize></distorTran><distorFormat><formatName Sync="TRUE">SDE Feature Class</formatName></distorFormat></distributor><distFormat><formatName Sync="TRUE">Shapefile</formatName></distFormat><distTranOps><transSize Sync="TRUE">0.000</transSize></distTranOps></distInfo><spdoinfo><direct Sync="TRUE">Vector</direct><ptvctinf><esriterm Name="bn03909f"><efeatyp Sync="TRUE">Simple</efeatyp><efeageom code="4" Sync="TRUE"></efeageom><esritopo Sync="TRUE">FALSE</esritopo><efeacnt Sync="TRUE">0</efeacnt><spindex Sync="TRUE">FALSE</spindex><linrefer Sync="TRUE">FALSE</linrefer></esriterm></ptvctinf></spdoinfo><spref><horizsys><cordsysn><geogcsn Sync="TRUE">GCS_North_American_1983</geogcsn><projcsn Sync="TRUE">NAD_1983_StatePlane_Maryland_FIPS_1900_Feet</projcsn></cordsysn><planar><planci><plance Sync="TRUE">coordinate pair</plance><plandu Sync="TRUE">survey feet</plandu><coordrep><absres Sync="TRUE">0.000100</absres><ordres Sync="TRUE">0.000100</ordres></coordrep></planci></planar><geodetic><horizdn Sync="TRUE">North American Datum of 1983</horizdn><ellips Sync="TRUE">Geodetic Reference System 80</ellips><semiaxis Sync="TRUE">6378137.000000</semiaxis><denflat Sync="TRUE">298.257222</denflat></geodetic></horizsys><vertdef><altsys><altenc Sync="TRUE">Explicit elevation coordinate included with horizontal coordinates</altenc><altres Sync="TRUE">1.000000</altres></altsys></vertdef></spref><refSysInfo><RefSystem><refSysID><identCode Sync="TRUE" code="2248">NAD_1983_StatePlane_Maryland_FIPS_1900_Feet</identCode><idCodeSpace Sync="TRUE">EPSG</idCodeSpace><idVersion Sync="TRUE">7.11.2</idVersion></refSysID></RefSystem></refSysInfo><spatRepInfo><VectSpatRep><geometObjs Name="bn03909f"><geoObjTyp><GeoObjTypCd value="002" Sync="TRUE"></GeoObjTypCd></geoObjTyp><geoObjCnt Sync="TRUE">0</geoObjCnt></geometObjs><topLvl><TopoLevCd value="001" Sync="TRUE"></TopoLevCd></topLvl></VectSpatRep></spatRepInfo><eainfo><detailed Name="bn03909f"><enttyp><enttypt Sync="TRUE">Feature Class</enttypt><enttypc Sync="TRUE">0</enttypc><enttypl Sync="TRUE">bn03909f</enttypl><enttypd>ESRI Shapefile</enttypd><enttypds>Anne Arundel County, Office of Environmental and Cultural Resources</enttypds></enttyp><attr><attrlabl Sync="TRUE">FID</attrlabl><attalias Sync="TRUE">FID</attalias><attrtype Sync="TRUE">OID</attrtype><attwidth Sync="TRUE">4</attwidth><atprecis Sync="TRUE">0</atprecis><attscale Sync="TRUE">0</attscale><attrdef Sync="TRUE">Internal feature number.</attrdef><attrdefs Sync="TRUE">Esri</attrdefs><attrdomv><udom Sync="TRUE">Sequential unique whole numbers that are automatically generated.</udom></attrdomv></attr><attr><attrlabl Sync="TRUE">Shape</attrlabl><attalias Sync="TRUE">Shape</attalias><attrtype Sync="TRUE">Geometry</attrtype><attwidth Sync="TRUE">0</attwidth><atprecis Sync="TRUE">0</atprecis><attscale Sync="TRUE">0</attscale><attrdef Sync="TRUE">Feature geometry.</attrdef><attrdefs Sync="TRUE">ESRI</attrdefs><attrdomv><udom Sync="TRUE">Coordinates defining the features.</udom></attrdomv></attr><attr><attrlabl Sync="TRUE">Amend</attrlabl><attalias Sync="TRUE">Amend</attalias><attrtype Sync="TRUE">String</attrtype><attwidth Sync="TRUE">10</attwidth><attrdef>Time period in which data was recored.</attrdef><attrdefs>Anne Arundel County, Office of Environmental and Cultural Resources</attrdefs><attrdomv><udom>No domains assigned</udom></attrdomv><atprecis Sync="TRUE">0</atprecis><attscale Sync="TRUE">0</attscale></attr><attr><attrlabl Sync="TRUE">Shape_Leng</attrlabl><attalias Sync="TRUE">Shape_Leng</attalias><attrtype Sync="TRUE">Double</attrtype><attwidth Sync="TRUE">19</attwidth><atprecis Sync="TRUE">0</atprecis><attscale Sync="TRUE">0</attscale></attr><attr><attrlabl Sync="TRUE">Shape_area</attrlabl><attalias Sync="TRUE">Shape_Area</attalias><attrtype Sync="TRUE">Double</attrtype><attwidth Sync="TRUE">19</attwidth><atprecis Sync="TRUE">0</atprecis><attscale Sync="TRUE">0</attscale><attrdef Sync="TRUE">Area of feature in internal units squared.</attrdef><attrdefs Sync="TRUE">ESRI</attrdefs><attrdomv><udom Sync="TRUE">Positive real numbers that are automatically generated.</udom></attrdomv></attr><attr><attrlabl Sync="TRUE">Status</attrlabl><attalias Sync="TRUE">Status</attalias><attrtype Sync="TRUE">String</attrtype><attwidth Sync="TRUE">25</attwidth><atprecis Sync="TRUE">0</atprecis><attscale Sync="TRUE">0</attscale></attr></detailed></eainfo><dataqual><lineage><procstep><procdesc>Dataset created from existing County data and attributes and/or boundaries were updated as needed.  Data was hand digitized by county staff using 1990 aerial photography.</procdesc><srcused Sync="TRUE">C:\Documents and Settings\lufish33\My Documents\Rick\MetadataUpdate\template</srcused><date Sync="TRUE">20041019</date><time Sync="TRUE">08445300</time><procdate>Unknown</procdate><procsv>ArcGIS 8.x (ArcInfo license level)</procsv></procstep><procstep><procdesc Sync="TRUE">Dataset copied.</procdesc><srcused Sync="TRUE">Server=pzgis2; Service=5151; Database=sde; User=codeview; Version=sde.DEFAULT</srcused><procdate Sync="TRUE">20100513</procdate><proctime Sync="TRUE">16135500</proctime></procstep><procstep><procdesc Sync="TRUE">Dataset copied.</procdesc><srcused Sync="TRUE">Server=PZGIS2; Service=esri_sde; Database=SDE; User=CodeView; Version=sde.DEFAULT</srcused><procdate Sync="TRUE">20100527</procdate><proctime Sync="TRUE">18390500</proctime></procstep></lineage><complete>Layer covers entire western boundary of Anne Arundel County and outer boundary of Middle Patuxent watershed.</complete><posacc><horizpa><horizpar>The Source material coordinates were Maryland State Plane 1983 (NAD 1983) with the units in feet. Digital boundaries are best represented or viewed at one inch equals 600 feet (1:7200 scale).  This is the recommended scale for this data.</horizpar></horizpa></posacc><cloud>n/a</cloud><logic>Tests used to check for data inconsistencies include the following:
* Topology Rules (Must Not Overlap, Must Not Have Gaps) using a Personal Geodatabase in the ArcGIS 8.3 (ArcInfo license level) environment.</logic></dataqual></metadata>
